P\T,0,10,20,30,40,50,60,70,80,90,100,110,120,130,140,150,160,170,180,190,200,210,220,230,240,250,260,270,280,290,300,310,320,330,340,350,360,370,380,390
1000.0,999.8,,,,,,,,,,,,,,,,,,,,,,,,,,,,,,,,,,,,,,,
5000.0,999.8,999.7,998.3028,,,,,,,,,,,,,,,,,,,,,,,,,,,,,,,,,,,,,
10000.0,999.8,999.8,998.3029,995.7184,992.2604,,,,,,,,,,,,,,,,,,,,,,,,,,,,,,,,,,,
50000.0,999.8,999.8,998.3029,995.7184,992.2604,988.0447,983.1875,977.7033,971.6234,,,,,,,,,,,,,,,,,,,,,,,,,,,,,,,
100000.0,999.8,999.8000000000001,998.3029,995.7184,992.2604,988.0447,983.1875,977.7033,971.6234,965.1578,,,,,,,,,,,,,,,,,,,,,,,,,,,,,,
150000.0,999.9,999.8,998.3029,995.8176,992.3588,988.0447,983.1875,977.7033,971.7229,965.1578,958.1297,950.6607,,,,,,,,,,,,,,,,,,,,,,,,,,,,
200000.0,999.9,999.8,998.4026,995.8176,992.3588,988.1423,983.1875,977.7033,971.7229,965.1578,958.1297,950.7511,942.8625,,,,,,,,,,,,,,,,,,,,,,,,,,,
250000.0,999.9,999.9,998.4026,995.8176,992.3588,988.1423,983.2842,977.8039,971.7229,965.1578,958.2215,950.7511,942.8625,,,,,,,,,,,,,,,,,,,,,,,,,,,
300000.0,999.9,999.9,998.4026,995.8176,992.3588,988.1423,983.2842,977.8039,971.7229,965.251,958.2215,950.7511,942.8625,934.5794,,,,,,,,,,,,,,,,,,,,,,,,,,
400000.0,1000.0,999.9,998.5022,995.9167,992.4537,988.2399,983.2842,977.8039,971.8173,965.251,958.2215,950.8415,942.9514,934.6668,925.9259,,,,,,,,,,,,,,,,,,,,,,,,,
500000.0,1000.0,1000.0,998.5022,995.9167,992.4573,988.2399,983.3809,977.8995,971.8173,965.3441,958.3134,950.8415,942.9514,934.6668,925.9259,916.7583,,,,,,,,,,,,,,,,,,,,,,,,
600000.0,1000.1,1000.0,998.5022,996.0159,992.5558,988.2399,983.3809,977.8995,971.9118,965.3441,958.4052,950.9319,943.0404,934.7542,926.0117,916.8424,,,,,,,,,,,,,,,,,,,,,,,,
700000.0,1000.1,1000.1,998.602,996.0159,992.5558,988.3376,983.4776,977.9951,971.9118,965.4373,958.4052,950.9319,943.1293,934.7542,926.0974,916.9265,907.2764,,,,,,,,,,,,,,,,,,,,,,,
800000.0,1000.1999999999999,1000.1,998.602,996.0159,992.5558,988.3376,983.4776,977.9951,972.0052,965.4373,958.4971,951.0223,943.1293,934.8415,926.0974,916.9265,907.3587,897.3439,,,,,,,,,,,,,,,,,,,,,,
900000.0,1000.1999999999999,1000.1999999999999,998.7017,996.1152,992.6544,988.4353,983.5743,978.0908,972.0062,965.5306,958.4971,951.1128,943.2183,934.9289,926.1832,917.0105,907.4,897.3439,,,,,,,,,,,,,,,,,,,,,,
1000000.0,1000.3,1000.1999999999999,998.7017,996.1152,992.6544,988.4353,983.5743,978.0908,972.1007,965.5306,958.589,951.1128,943.2183,934.9289,926.269,917.0946,907.5234,897.4244,,,,,,,,,,,,,,,,,,,,,,
1100000.0,1000.3,1000.3,998.8014,996.2114,992.7529,988.533,983.5743,978.1864,972.1007,965.6238,958.589,951.2033,943.3072,935.0164,926.269,917.1788,907.5234,897.5049,886.9966,,,,,,,,,,,,,,,,,,,,,
1200000.0,1000.4,1000.3,998.8014,996.2144,992.7529,988.533,983.6711,978.1864,972.1852,965.6238,958.6809,951.2033,943.3072,935.0164,926.3548,917.1788,907.6057,897.5855,886.9966,,,,,,,,,,,,,,,,,,,,,
1300000.0,1000.4,1000.4,998.9012,996.3136,992.8515,988.6307,983.6711,978.1864,972.1952,965.717,958.6809,951.2938,943.3962,935.1038,926.4406,917.2629,907.6881,897.6661,887.0753,876.0403,,,,,,,,,,,,,,,,,,,,
1400000.0,1000.5,1000.4,998.9012,996.3136,992.3515,988.6307,983.7678,978.2821,972.2897,965.717,958.7728,951.2938,943.4852,935.1912,926.4406,917.347,907.7705,897.6661,887.154,876.117,,,,,,,,,,,,,,,,,,,,
1500000.0,1000.5,1000.5,999.001,996.4129,992.9501,988.7285,983.7678,978.2821,972.2897,965.8103,958.7728,951.3843,943.4852,935.1912,926.5265,917.347,907.7705,897.7467,887.2327,876.1938,,,,,,,,,,,,,,,,,,,,
1600000.0,1000.5999999999999,1000.5,999.001,996.4129,992.9501,988.7285,983.8646,978.3779,972.3843,965.8103,958.8647,951.3843,943.5743,935.2787,926.5265,917.4312,907.8529,897.8273,887.3114,876.2716,,,,,,,,,,,,,,,,,,,,
1700000.0,1000.5999999999999,1000.5,999.001,996.4129,992.9501,988.7285,983.8646,978.3779,972.3843,965.9036,958.8647,951.4748,943.5743,935.3662,926.6123,917.5154,907.9354,897.9079,887.3902,876.3474,864.8275,,,,,,,,,,,,,,,,,,,
1800000.0,1000.7000000000002,1000.5999999999999,999.101,996.5122,993.0487,988.8263,983.9614,978.4736,972.4738,965.9036,958.9567,951.4748,943.6633,935.3662,926.6982,917.5154,908.0178,897.9885,887.4689,876.4242,864.9023,,,,,,,,,,,,,,,,,,,
1900000.0,1000.7000000000002,1000.5999999999999,999.101,996.5122,993.0487,988.8263,983.9614,978.4736,972.4738,965.9969,958.9567,951.5653,943.7524,935.4537,926.6982,917.5996,908.0178,897.9885,887.5477,876.501,864.9771,,,,,,,,,,,,,,,,,,,
2000000.0,1000.8,1000.7000000000002,999.201,996.612,993.1473,988.9241,984.0583,978.5693,972.5734,965.9969,959.0486,951.6559,943.7524,935.4537,926.7841,917.6838,908.1003,898.0692,887.5477,876.5778,865.0519,852.8785,,,,,,,,,,,,,,,,,,
2100000.0,1000.8,1000.7000000000002,999.201,996.612,993.1473,988.9241,984.0583,978.5693,972.5734,966.0902,959.0486,951.6559,943.8414,935.5412,926.87,917.6838,908.1827,898.1498,887.6265,876.6547,865.1267,852.9512,,,,,,,,,,,,,,,,,,
2200000.0,1000.8999999999999,1000.801,999.301,996.7109,993.2459,989.0219,984.1551,978.6651,972.5734,966.0902,959.1406,951.7465,943.8414,935.6287,926.87,917.768,908.1827,898.2305,887.7053,876.7315,865.2016,853.0246,,,,,,,,,,,,,,,,,,
2300000.0,1000.9010000000001,1000.801,999.301,996.7109,993.2459,989.0219,984.1551,978.6651,972.668,966.1836,959.1406,951.7465,943.92,935.6287,926.9559,917.8522,908.2652,898.3112,887.724,876.8084,865.2765,853.0967,,,,,,,,,,,,,,,,,,
2400000.0,1001.001,1000.9010000000001,999.4004,996.8102,993.3446,989.1197,984.1551,978.7609,972.668,966.1836,959.2326,951.8379,943.9305,935.7163,927.0418,917.9305,908.3477,898.3112,887.8629,876.8853,865.3513,853.2423,,,,,,,,,,,,,,,,,,
2500000.0,1001.001,1000.9010000000001,999.4004,996.8102,993.3446,989.1197,984.252,978.7609,972.7626,966.2769,959.2326,951.8379,944.0196,935.7163,927.0418,917.9305,908.4302,898.3919,887.9418,876.9622,865.4262,853.3151,840.548,,,,,,,,,,,,,,,,,
2600000.0,1001.101,1001.001,999.5003,996.8102,993.3446,989.1197,984.252,978.8557,972.7626,966.2769,959.3246,951.9277,944.1088,935.8039,927.1278,918.0207,908.4302,898.4726,888.0206,877.03091,865.5011,853.388,840.6187,,,,,,,,,,,,,,,,,
2700000.0,1001.101,1001.001,999.5003,996.9096,993.4433,989.2175,984.3489,978.8557,972.8753,966.3703,959.4167,951.9277,944.1088,935.8914,927.2137,918.105,908.5128,898.5533,888.0995,877.116,865.576,853.46083,840.6894,,,,,,,,,,,,,,,,,
2800000.0,1001.201,1001.101,999.5003,996.9096,993.4433,989.2175,984.3489,978.8557,972.8753,966.3703,959.4167,952.0183,944.1979,935.8914,927.2137,918.105,908.5953,898.6341,888.0995,877.193,865.651,853.5336,840.8307,827.3352,,,,,,,,,,,,,,,,
2900000.0,1001.201,1001.101,999.6,997.009,993.542,989.3154,984.4458,978.9525,972.9519,966.4637,959.5087,952.0183,944.1979,935.979,927.2997,918.1893,908.6779,898.6341,888.1783,877.193,865.7259,853.6065,840.9014,827.4036,,,,,,,,,,,,,,,,
3000000.0,1001.3019999999999,1001.201,999.6,997.009,993.542,989.3154,984.4458,978.9525,972.9519,966.4637,959.5087,952.1089,944.2871,935.979,927.3857,918.2736,908.6779,898.7148,888.2572,877.2699,865.8009,853.6794,840.9722,827.5405,,,,,,,,,,,,,,,,
3100000.0,1001.3019999999999,1001.201,999.7,997.1084,993.6407,989.4133,984.5427,979.0484,973.0466,966.5571,959.6008,952.1996,944.2871,936.0666,927.3857,918.2736,908.7605,898.7956,888.3361,877.3469,865.8758,853.8251,841.0429,827.609,,,,,,,,,,,,,,,,
3200000.0,1001.4020000000002,1001.3019999999999,999.7,997.1084,993.6407,989.4133,984.5427,979.0484,973.0466,966.5571,959.6008,952.1996,944.3762,936.1543,927.4717,918.358,908.843,898.8764,888.4151,877.4239,865.9508,853.898,841.1844,827.746,,,,,,,,,,,,,,,,
3300000.0,1001.4020000000002,1001.3019999999999,999.8,997.2078,993.7394,989.5112,984.5427,979.1442,973.1413,966.6506,959.6929,952.2903,944.4654,936.1543,927.4717,918.4423,908.9257,898.8764,888.494,877.5009,866.0258,853.971,841.2552,827.8146,,,,,,,,,,,,,,,,
3400000.0,1001.5019999999998,1001.3019999999999,999.8,997.2078,993.7394,989.5112,984.6396,979.1442,973.1413,966.6506,959.6929,952.2903,944.4654,936.2419,927.5577,918.4423,908.9257,898.9572,888.573,877.6549,866.1008,854.0439,841.3259,827.8831,813.6697,,,,,,,,,,,,,,,
3500000.0,1001.5019999999998,1001.4020000000002,999.9,997.2078,993.7394,989.5112,984.6396,979.2401,973.236,966.744,959.785,952.381,944.5546,936.2419,927.6438,918.5267,909.0083,899.038,888.573,877.6549,866.1758,854.1168,841.3967,828.0202,813.8021,,,,,,,,,,,,,,,
3600000.0,1001.6025,1001.4020000000002,999.9,997.3073,993.8382,989.6091,984.7366,979.2401,973.236,966.744,959.785,952.381,944.5596,936.3296,927.6438,918.6111,909.0909,899.1189,888.6519,877.7319,866.401,854.4087,841.68,828.2945,814.0671,,,,,,,,,,,,,,,
3700000.0,1001.6025,1001.5022,1000.0,997.3073,993.8382,989.6091,984.7366,979.336,973.3307,966.8375,959.8771,952.4717,944.6439,936.4173,927.7298,918.6111,909.1736,899.1997,888.7309,877.819,,,,,,,,,,,,,,,,,,,,
3800000.0,1001.703,1001.5022,1000.0,997.4067,993.937,989.707,984.8336,979.336,973.3307,966.8375,959.8771,952.4717,944.6439,936.4173,927.8159,918.6955,909.1736,899.1997,888.8099,877.8861,,,,,,,,,,,,,,,,,,,,
3900000.0,1001.7028000000001,1001.6025,1000.0,997.4067,993.937,989.707,984.8336,979.4319,973.4255,966.931,959.9693,952.5624,944.7331,936.505,927.8159,918.7799,909.2562,899.2806,888.888,877.9631,866.476,854.4818,841.7508,828.3632,814.1996,,,,,,,,,,,,,,,
4000000.0,1001.8032,1001.6025,1000.1,997.5062,994.0358,989.805,984.9306,979.4319,973.4255,966.931,959.9693,952.5624,944.8224,936.5927,927.902,918.8643,909.3389,899.3615,888.9679,878.0402,866.5511,854.5548,841.8926,828.5004,814.3322,799.2327,,,,,,,,,,,,,,
4099999.9999999995,1001.8032,1001.7028000000001,1000.1,997.5062,994.0358,989.805,984.9306,979.4319,973.5202,967.0245,960.0614,952.6531,944.8224,936.5927,927.9881,918.8643,909.3389,899.423,889.0469,878.1173,866.6262,854.6278,841.9635,828.5691,814.3985,799.2966,,,,,,,,,,,,,,
4200000.0,1001.9035999999999,1001.7028000000001,1000.1999999999999,997.6057,994.0358,989.903,985.0276,979.5279,973.5202,967.0245,960.0613999999999,952.7439,944.9117,936.6804,927.9881,918.9487,909.4216,899.5233,889.0469,878.1944,866.7013,854.7009,842.0344,828.7064,814.5312,799.4244,,,,,,,,,,,,,,
4300000.0,1001.9035999999999,1001.8032,1000.1999999999999,997.6057,994.1346,989.903,985.0276,979.5279,973.615,967.118,960.1536,952.7439,944.9117,936.6804,928.072,919.0332,909.5043,899.5333,889.126,878.2716,866.7765,854.7739,842.1053,828.7751,814.664,799.5523,,,,,,,,,,,,,,
4400000.0,1002.0040000000001,1001.8032,1000.3,997.6057,994.1346,989.903,985.0276,979.6238,973.615,967.118,960.1536,952.8347,945.0,936.7682,928.0742,919.0332,909.587,899.6042,889.2051,878.2716,866.8516,854.847,842.2471,828.9125,814.7303,799.6801,,,,,,,,,,,,,,
4500000.0,1002.0040000000001,1001.9035999999999,1000.3,997.7053,994.2334,990.001,985.1246,979.6238,973.615,967.2115,960.2458,952.8347,945.0,936.8559,928.1604,919.1176,909.587,899.6851,889.241,878.3487,866.9267,854.9201,842.3181,828.9812,814.8631,799.808,,,,,,,,,,,,,,
4600000.0,1002.1044000000002,1001.9035999999999,1000.4,997.7053,994.2334,990.001,985.1246,979.7198,973.7098,967.2115,960.2458,952.9255,945.0903,936.8559,928.2465,919.2021,909.6698,899.7661,889.3632,878.4259,867.0019,855.0663,842.389,829.0499,814.9295,799.936,,,,,,,,,,,,,,
4700000.0,1002.1044000000002,1002.0040000000001,1000.4,997.8048,994.3223,990.099,985.2217,979.8158,973.7098,967.3051,960.338,952.9254999999999,945.1796,936.9437,928.2465,919.2021,909.7525,899.847,889.4423,878.503,867.0771,855.1394,842.46,829.1874,815.0624,800.0,783.9448,,,,,,,,,,,,,
4800000.0,1002.2047999999999,1002.0040000000001,1000.4,997.8048,994.3323,990.099,985.2217,979.8158,973.8047,967.3051,960.338,953.0163,945.1796,936.9437,928.3327,919.2866,909.8353,899.847,889.4423,878.58,867.1523,855.2125,842.602,829.2562,815.1288,800.128,784.0677,,,,,,,,,,,,,
4900000.0,1002.2047999999999,1002.0040000000001,1000.5,997.9144,994.4312,990.197,985.3188,979.8158,973.8047,967.3987,960.4303,953.0163,945.2689,937.0315,928.4189,919.3712,909.8353,899.928,889.5214,878.6574,867.2275,855.2857,842.673,829.3937,815.2617,800.2561,784.1907,,,,,,,,,,,,,
5000000.0,1002.3053,1002.1044000000002,1000.5,997.9144,994.4312,990.197,985.3188,979.9118,973.8995,967.3987,960.4303,953.1071,945.2689,937.1193,928.4189,919.3712,909.9181,900.009,889.6006,878.7346,867.3027,855.3588,842.744,829.4625,815.3947,800.3842,784.3137,,,,,,,,,,,,,
5200000.0,1002.4056999999999,1002.2047999999999,1000.5999999999999,998.004,994.5301,990.2951,985.4158,980.0078,973.944,967.4923,960.5225,953.198,945.3583,937.2071,928.5913,919.5402,910.0,900.09,889.7589,878.8891,867.4532,855.5052,842.9571,829.669,815.5942,800.6405,784.5599,,,,,,,,,,,,,
5400000.0,1002.5062,1002.3053,1000.6999999999999,998.1036,994.629,990.3932,985.513,980.0078,974.0892,967.5859,960.6148,953.28888,945.5371,937.295,928.6776,919.6248,910.166,900.2521,889.9172,879.0436,867.6037,855.6516,843.0992,829.8755,815.7938,800.8329,784.8678,,,,,,,,,,,,,
5600000.0,1002.6067,1002.4056999999999,1000.801,998.2032,994.7279,990.4912999999999,985.6101,980.1039,974.1841,967.6795,960.7994,953.3797,945.6265,937.3828,928.7638,919.7094,910.2494,900.4142,889.9964,879.1982,867.7543,855.8713,843.3125,830.0133,815.9935,801.0895,785.1142,767.8722,,,,,,,,,,,,
5800000.0,1002.7072999999999,1002.5062,1000.9010000000001,998.3029,994.7279,990.5894,985.7072,980.2,974.279,967.7732,960.8917,953.4706,945.7159,937.4717,928.8501,919.8786,910.4151,900.4953,890.1549,879.2755,867.9049,856.0178,843.4548,830.22,816.1933,801.2821,785.3609,768.1672,,,,,,,,,,,,
6000000.0,1002.8078,1002.6067,1001.001,998.4026,994.8269,990.6875,985.8044,980.296,974.374,967.8668,960.984,953.5616,945.8054,937.6465,929.0227,919.9632000000001,910.498,900.6575,890.3134,879.43,868.1309,856.1644,843.6683,830.4268,816.3932,801.39,785.6077,768.4623,,,,,,,,,,,,
6200000.0,1002.9083999999999,1002.7072999999999,1001.1012,998.4026,994.9259,990.6875,985.9016,980.3922,974.4689,967.9605,961.0764,953.6525,945.8948,937.7344,929.19,920.0478,910.6639,900.7386,890.3927,879.5848,868.2817,856.31,843.8106,830.6338,816.6599,801.796,785.9164,768.7577,,,,,,,,,,,,
6400000.0,1003.009,1002.7072999999999,1001.2014,998.5022,995.0249,990.7857,985.9016,980.4883,974.5639,968.0542,961.1688,953.7434,945.9843,937.8224,929.1953,920.2172,910.7468,900.9009,890.5513,879.7396,868.4325,856.531,843.9531,830.7718,816.86,801.9889,786.1635,769.0533,,,,,,,,,,,,
6600000.0,1003.1095999999999,1002.8078,1001.3015999999999,998.602,995.1239,990.8839,985.9988,980.5844,974.5639,968.1479,961.2612,953.8344,946.0738,937.9103,929.2817,920.3019,910.9127,900.9821,890.7099,879.8944,868.5833,856.6778,844.1668,830.9789,817.0602,802.2463,786.4108,769.3491,750.8071,,,,,,,,,,,
6800000.0,1003.2102000000001,1002.9083999999999,1001.3015999999999,998.7017,995.229,990.9821,986.096,980.6806,974.6589,968.2417,961.336,954.0164,946.1633,937.9983,929.4544,920.3866,910.9957,901.1445,890.7892,880.0493,868.6588,856.8246,844.3094,831.1861,817.2605,802.4394,786.6583,769.6452,751.1455,,,,,,,,,,,
7000000.0,1003.3109000000001,1003.009,1001.4018999999998,998.8014,995.322,991.0803000000001,986.1933,980.7768,974.7539,968.3354,961.446,954.1074,946.3424,938.0863,929.5408,920.556,911.0787,901.2257000000001,890.948,880.1267,868.8097,856.9715,844.5233,831.3934,817.461,802.6971,786.9059,769.9415,751.4842,,,,,,,,,,,
7200000.0,1003.4115999999999,1003.1095999999999,1001.5022,998.9012,995.4211,991.1785,986.2906,980.873,974.8489,968.4292,961.5385,954.19853,946.4321,938.2623,929.6272,920.6408,911.2448,901.3881,891.1068,880.1287,868.9607,857.1184,844.6659,831.5317,817.6615,802.8904,787.1537,770.238,751.8232,,,,,,,,,,,
7400000.0,1003.5122000000001,1003.2102000000001,1001.6025,999.001,995.4211,991.2768,986.3878,980.9692,974.9439,968.523,961.6309,954.2895,946.5215,938.3504,929.8001,920.8103,911.3278,901.5507,891.1862,880.4367,869.1118,857.3388,844.88,831.7392,817.8621,803.1483,787.4016,770.5348,752.1625,,,,,,,,,,,
7600000.0,1003.613,1003.3109000000001,1001.7028000000001,999.1008,995.5202,991.375,986.4852,981.0654,975.039,968.6168,961.7234,954.3806,946.6111,938.4384,929.8866,920.8951,911.4939,901.632,891.345,880.5918,869.2629,857.4889,845.0228,831.9468,818.0688,803.3419,787.6487,770.8317,752.5021,732.4861,,,,,,,,,,
7800000.0,1003.7137,1003.4115999999999,1001.8032,999.1008,995.6193,991.375,986.5825,981.0654,975.1341,968.7106,961.8159,954.4717,946.7007,938.5265,929.973,920.9799,911.577,901.7946,891.504,880.7469,869.414,857.6329,845.2371,832.0852,818.2636,803.6091,787.6979,771.0695,752.8426,732.4861,,,,,,,,,,
8000000.0,1003.8145000000001,1003.5122000000001,1001.9035999999999,999.2006,995.7184,991.473,986.6798,981.1617,975.2292,968.8045,961.9084,954.562,946.7804,938.6146,930.2595,921.1794,911.7433,901.8755,891.6833,880.8245,869.5652,857.7881,845.386,832.298,818.4646,803.7939,788.2084,771.3669,753.1822,733.1916,,,,,,,,,,
8199999.999999999,1003.9152,1003.613,1002.0039999999999,999.305,995.8176,991.5716,986.6798,981.258,975.3243,968.8984,962.0009,954.6639,946.8808,938.7808,930.2824,921.2849,911.8264,902.0388,891.7425,880.9796,869.7165,857.9272,845.523,832.5008,818.6656,804.0524,788.457,771.6665,753.4659,733.5681,,,,,,,,,,
8400000.0,1003.9152,1003.7137,1002.1044000000002,999.4004,995.9167,991.67,986.7772,981.3543,975.4194,968.9922,962.0935,954.7451,946.9697,938.879,930.3191,921.3193,911.9927,902.12,891.9015,881.1349,869.8678,858.0745,845.7375,832.7088,818.8667,804.2464,788.7057,771.9623,753.8067,733.945,,,,,,,,,,
8600000.0,1004.0160000000001,1003.8145000000001,1002.1044000000002,999.5003,996.0159,991.7683000000001,986.8746,981.45016,975.5146,969.0862,962.1861,954.8362,947.1491,938.9671,930.4057,921.4891,912.0759,902.2828,891.9811,881.2902,870.0191,858.2954,845.8806,832.8475,819.0679,804.5052,788.9546,772.2008,754.1478,734.3222,712.2507,,,,,,,,,
8800000.0,1004.1168,1003.9152,1002.2047999999999,999.602,996.1152,991.8667,986.972,981.5469,975.6198,969.1801,962.2787,954.9274,947.2388,939.0553,930.4922,921.574,912.1591,902.3642,892.1402,881.4456,870.1706,858.4428,846.0953,833.0556,819.2692,804.6994,789.2037,772.499,754.4323,734.6999,712.7076,,,,,,,,,
9000000.0,1004.2177000000001,1004.0160000000001,1002.3053,999.7001,996.1152,991.9651,987.0694,981.6433,975.7049,969.274,962.3713,955.086,947.3285,939.14353,930.6654,921.659,912.3255,902.5271,892.2995,881.5233,870.322,858.5902,846.2385,833.2638999999999,819.4706,804.9585,789.4529,772.7975,754.7739,735.0779,713.165,,,,,,,,,
9200000.0,1004.3184999999999,1004.0160000000001,1002.4056999999999,999.8,996.2144,992.0635,987.1668,981.7396,975.8002,969.368,962.463,955.109,947.4183,939.2317,930.752,921.7439,912.4088,902.6085,892.3791,881.6787,870.4735,858.7377,846.3817,833.4028,819.6721,805.153,789.7023,773.0963,755.1159,735.4564,713.6231,,,,,,,,,
9400000.0,1004.4194,1004.1168,1002.5062,999.8,996.3136,992.0635,987.2643,981.836,975.8954,969.4619,962.5566,955.2011,947.5081,939.4082,930.8387,921.9139,912.5753,902.7715,892.5384,881.8342,870.6251,858.8852,846.5967,833.6112,819.8737,805.4124,789.9518,773.354,755.4011,735.8352,714.0307,,,,,,,,,
9600000.000000011,1004.5203,1004.2177000000001,1002.6067,999.9,996.4129,992.1619,987.3618,981.9324,975.9906,969.5559,962.6492,955.2923,947.5978,939.4964,930.9253,921.9989,912.6586,902.853,892.6977,881.9898,870.7767,859.0327,846.7401,833.8197,820.0754,805.607,790.2015,773.6345,755.7437,736.2144,714.4899,,,,,,,,,
9800000.00000001,1004.6212000000002,1004.3184999999999,1002.7072999999999,999.9,996.5122,992.2604,987.4593,982.0289,976.0859,969.65,962.7419,955.3836,947.6876,939.5847,931.0987,922.0839,912.7419,903.0161,892.7774,882.1454,870.9284,859.1803,846.8835,833.9588,820.2773,805.8018,790.3889,773.874,756.0293,736.5397,714.9496,,,,,,,,,
10000000.0,1004.7221,1004.4194,1002.8078,1000.1,996.6115,992.3588,987.4593,982.0289,976.0859,969.744,962.8346,955.5662,947.773,939.673,931.1853,922.254,912.9085,903.0976,892.9369,882.2232,871.0801,859.4019,847.0987,834.1675,820.4792,806.0616,790.6388,774.1736,756.3724,736.9197,715.3588,690.9895,,,,,,,,
10500000.0,1005.0250999999998,1004.6212000000002,1003.009,1000.3,996.8102,992.558,987.7519,982.3183,976.3718,969.9321,963.062,955.7488,948.047,939.938,931.4456,922.5092,913.1586,903.424,893.2559,882.6125,871.4597,859.7713,847.5293,834.5852,821.0181,806.5817,791.2644,774.8935,757.1742,737.844,716.4864,692.329,,,,,,,,
11000000.0,1005.2271,1004.9241,1003.2102000000001,1000.5001999999998,997.0009,992.7529,987.947,982.5113,976.5625,970.1203,963.2983,956.0229,948.3167,940.2031,931.706,922.7646,913.4923,903.7506,893.5752,882.8242,871.8396,860.1411,847.9607,835.0731,821.4902,807.1676,791.891,775.5545,757.9203,738.7707,717.566,693.6737,,,,,,,,
11500000.0,1005.5304000000001,1005.1261000000001,1003.4115999999999,1000.7004,997.2078,993.0487,988.1423,982.7044,976.7533,970.4027,963.484,956.2058,948.5866,940.4684,931.9664,923.1053,913.7427,904.1774,893.894,883.3142,872.1437,860.5111,848.3203,835.4917,822.0304,807.6892,792.4558,776.2167,758.7253,739.645,718.6489,694.9753,667.6013,,,,,,,
12000000.0,1005.7325999999999,1005.3282000000002,1003.7137,1001.001,997.4067,993.2459,988.3376,982.8976,977.0396,970.5911,963.7625,956.4802,948.766,940.7338,932.2271,923.361,914.076,904.3227,894.2144,883.6264,872.5242,860.9557,848.7523,835.9806,822.5037,808.2114,793.0843,776.8801,759.4744,740.5213,719.6833,696.2819,669.2992,,,,,,,
12500000.0,1006.0362,1005.6315,1003.9152,1001.2014,997.7053,993.4433,988.533,983.1875,977.2305,970.8738,963.9483,956.7547,949.0367,940.9993,932.4879,923.6169,914.3275,904.6499,894.5344,883.9388,872.905,861.3264,849.1848,836.4001,822.9775,808.7997,793.6508,777.4499999999999,760.225,741.3998,720.7207,697.5446,669.889,,,,,,,
13000000.0,1006.2386000000001,1005.8338,1004.1168,1001.4018999999998,997.9044,993.6407,988.8263,983.3809,977.4216,971.0623,964.2272,956.9378,949.307,941.2651,932.7488,923.8729,914.662,904.9774,894.8546,884.3297,873.2862,861.6975,849.6177,836.8901,823.4519,809.3234,794.2812,778.2101,760.9771,742.2803,721.7611,698.812,672.495,641.0256,,,,,,
13500000.0,1006.4412,1006.0362,1004.3184999999999,1001.6025,998.1036,993.8382,989.0219,983.5743,977.7083,971.251,964.4132,957.2126,949.5774,941.4423,933.0099,924.2144,914.9131,905.3051,895.175,884.6426,873.5913,862.069,849.9788,837.3106,823.9268,809.8477,794.8494,778.8769,761.7307,743.1629,722.7522,700.035,674.0816,643.1695,,,,,,
14000000.0,1006.7451000000001,1006.2386000000001,1004.5203,1001.8032,998.3029,994.0358,989.2175,983.7678,977.8995,971.5341,964.6923,957.3959,949.7578,941.7083,933.2711,924.4707,915.248,905.551,895.4957,884.9558,873.9731,862.4407,850.4125,837.7314,824.4023,810.3728,795.4184,779.5447,762.4857,743.9923,723.7461,701.2623,675.63,645.2862,,,,,,
14500000.0,1006.9478999999999,1006.5425000000001,1004.8230999999998,1002.0040000000001,998.5022,994.2334,989.4133,984.0583,978.0908,971.7229,964.8784,957.6709,950.0285,941.9744,933.5325,924.7272,915.4994,905.8792,895.8165,885.3475,874.3552,862.8872,850.8466,838.223,824.9464,810.8985,796.0516,780.2138,763.184,744.8235,724.7427,702.4445,677.0939,647.2911,,,,,,
15000000.0,1007.2521999999999,1006.7451000000001,1005.0250999999998,1002.3053,998.7017,994.5301,989.6091,984.252,978.3779,971.9118,965.1578,957.9462,950.2993,942.2406,933.794,924.9838,915.8348,906.2075,896.1376,885.6611,874.6611,863.2597,851.2087,838.6448,825.423,811.4249,796.6223,780.823,763.9419,745.6566,725.7421,703.6307,678.6102,649.2663,612.595,,,,,
15500000.0,1007.4551,1006.9478999999999,1005.2271,1002.5062,998.9012,994.7279,989.903,984.4458,978.5693,972.1952,965.3441,958.1297,950.48,942.5071,934.0557,925.3262,916.0865,906.454,896.459,885.975,875.0438,863.6324,851.6437,839.067,825.9002,811.9519,797.1939,781.4942,764.6429,746.4915,726.6934,704.7713,680.0408,651.1688,615.4604,,,,,
16000000.0,1007.7597000000001,1007.2521999999999,1005.4293000000001,1002.7072999999999,999.1008,994.9259,990.099,984.6396,978.7609,972.3843,965.6238,958.4052,950.7511,942.7736,934.3175,925.5831,916.3383,906.7827,896.7806,886.2891,875.4268,864.00555,852.0791,839.4896,826.3097,812.4797,797.7663,782.1054,765.4038,747.3283,727.4432,705.9166,681.4274,653.0399,618.1908,,,,,
16500000.0,1007.9628999999999,1007.4551,1005.6315,1002.9983999999998,999.4064,995.1039,990.1951,984.9806,978.7609,972.668,965.8103,958.589,951.0223,943.0404,934.5794,925.8402,916.6743,907.1118,897.1024,886.682,875.7334,864.3789,852.442,839.9832,826.7879,812.942,798.3395,782.7176,766.1074,747.67,728.5975,707.0636,683.8715,654.8788,620.8095,,,,,
17000000.0,1008.1561000000002,1007.6582000000001,1005.8388,1003.1095999999999,999.6032,995.322,990.4913,985.1246,979.2411,972.8573,966.0902,958.8647,951.2033,943.2183,934.8415,926.0974,916.9265,907.3587,897.4244,886.9966,876.117,864.7527,852.8785,840.4068,827.2667,813.4711,798.9135,783.3921,766.8124,748.9515,729.5542,708.1651,684.2285,656.6419,623.3637,578.6033,,,,
17500000.0,1008.4711,1007.8613,1006.1373999999998,1003.3109000000001,999.8,995.5202,990.6875,985.3188,979.4319,973.0466,966.2769,959.0486,951.4748,943.4852,935.1038,926.3548,917.2629,907.6881,897.7467,887.3114,876.4242,865.1267,853.2423,840.8307,827.746,814.0008,799.4244,784.0063,767.5186,749.7376,730.4602,709.2702,685.5889,658.3712,625.7822,582.8185,,,,
18000000.0,1008.6745999999999,1008.1660999999999,1006.3399,1003.5122000000001,1000.0,995.7184,990.8839,985.513,979.6238,973.3307,966.5571,959.3246,951.7465,943.7524,935.3662,926.6123,917.5154,907.9354,897.9885,887.6265,876.8084,865.5011,853.6794,841.2552,828.2259,814.4649,800.0,784.6214,768.1672,750.5254,731.3684,710.3786,686.9075,660.066,628.1407,586.7512,,,,
18500000.0,1008.9799000000002,1008.3694,1006.5425000000001,1003.7137,1000.1999999999999,995.9167,991.0803,985.7072,979.8158,973.5202,966.744,959.5087,951.9277,944.0196,935.6287,926.9559,917.768,908.2652,898.3112,887.9418,877.193,865.8758,854.0439,841.68,828.7064,814.9959,800.5764,785.2375,768.8759,751.3148,732.2789,710.4399999999999,688.1839,661.7258,630.3978,590.3885,,,,
19000000.0,1009.1835,1008.5728,1006.7451000000001,1004.0160000000001,1000.4,996.2144,991.375,985.9988,980.1039,973.7098,966.931,959.785,952.1996,944.2871,935.8914,927.2137,918.105,908.5953,898.6341,888.3361,877.5009,866.2509,854.4087,842.1053,829.1186,815.5276,801.0895,785.8546,769.586,752.1059,733.1916,712.5045,689.465,663.3499,632.5911,593.8595,530.3330000000001,,,
19500000.0,1009.3873,1008.7763000000001,1006.9478999999999,1004.2177000000001,1000.6002999999998,996.4129,991.5716,986.1933,980.296,973.9944,967.2115,960.0614,952.4717,944.4654,936.1543,927.4717,918.358,908.843,898.9572,888.6519,877.8861,866.6262,854.847,842.531,829.6001,815.9935,801.6675,786.4727,770.238,752.8987,734.1066,713.5212,690.7508,664.9378,634.7191,597.0862,540.8329,,,
20000000.0,1009.693,1009.0816999999998,1007.1506999999999,1004.4194,1000.8006,996.6115,991.7683,986.3878,980.4883,974.1841,967.3987,960.2458,952.6531,944.7331,936.4173,927.7298,918.6111,909.1736,899.2806,888.9679,878.1944,867.019,855.2125,842.9571,830.0822,816.5265,802.1819,787.0298,770.9506,753.6363,734.9699,714.592,691.9936,666.4889,636.7804,600.168,547.3454,,,
21000000.0,1010.1009999999999,1009.4892,1007.6582000000001,1004.8230999999998,1001.2014,997.009,992.1619,986.7772,980.9692,974.6589,967.8668,960.7071,953.198,945.2689,936.9437,928.2465,919.2021,909.7525,899.847,889.6006,878.8891,867.679,856.0178,843.8106,830.9789,817.461,803.2774,788.2705,772.2604,755.1729,736.7025,716.589,694.444,669.5233,640.7381,605.9504,558.3473,,,
22000000.0,1010.6113999999999,1009.9989,1008.0645,1005.2271,1001.7028000000001,997.4067,992.5558,987.2643,981.3543,975.039,968.3354,961.1688,953.6525,945.7159,937.4707,928.7638,919.794,910.3323,900.4953,890.2341,879.5848,868.4325,856.8246,844.5946,831.8775,818.4646,804.3758,789.4529,773.5747,756.6586,738.3888,718.5973,696.8156,672.4045,644.496,611.2096,567.5369,491.8839,,
